Customer,Arrival_Date,Wait,Service_Start_Date,Service_Time,Service_End_Date
1,0.2950868891092365,0.0,0.2950868891092365,0.0034950495173154718,0.298581938626552
2,0.49591914918710484,0.0,0.49591914918710484,0.2302535500788916,0.7261726992659965
3,0.6339522800541277,0.09222041921186874,0.7261726992659965,0.04243831519739239,0.7686110144633889
4,0.6780972918891175,0.09051372257427137,0.7686110144633889,0.2382216841675196,1.0068326986309084
5,0.7151490659598789,0.2916836326710295,1.0068326986309084,0.015414660267104155,1.0222473588980125
6,0.9464141806776479,0.07583317822036462,1.0222473588980125,0.5110019937545058,1.5332493526525184
7,0.9472053969393702,0.5860439557131482,1.5332493526525184,0.11963898885138816,1.6528883415039066
8,1.2821297510529859,0.37075859045092074,1.6528883415039066,0.1580177836147571,1.8109061251186638
9,1.537980630908208,0.27292549421045575,1.8109061251186638,0.05752269260837754,1.8684288177270414
10,2.037637673945131,0.0,2.037637673945131,0.20896312101573483,2.246600794960866
11,2.1940527495909192,0.05254804536994673,2.246600794960866,0.025558231635718805,2.2721590265965848
12,2.287523222199407,0.0,2.287523222199407,0.18687797396643135,2.4744011961658385
13,2.4041427003425095,0.07025849582332899,2.4744011961658385,0.09486432071471279,2.5692655168805514
14,2.5964876708115807,0.0,2.5964876708115807,0.11996251030196378,2.7164501811135446
15,2.806679185690877,0.0,2.806679185690877,0.15314858240641127,2.959827768097288
16,3.1338593807137882,0.0,3.1338593807137882,0.12290110731651005,3.2567604880302983
17,3.6124683296236264,0.0,3.6124683296236264,0.06408995213428116,3.6765582817579077
18,3.6314314468903945,0.04512683486751312,3.6765582817579077,0.05961258754369517,3.7361708693016027
19,3.655635582543584,0.08053528675801891,3.7361708693016027,0.2940383113271316,4.030209180628734
20,3.6652419000076493,0.3649672806210851,4.030209180628734,0.16404459211539957,4.194253772744134
21,3.8238734867660567,0.3703802859780776,4.194253772744134,0.28514085292756336,4.479394625671698
22,3.8682392548708204,0.6111553708008772,4.479394625671698,0.323977393385498,4.803372019057195
23,3.9549049900696915,0.8484670289875038,4.803372019057195,0.23417668460077334,5.0375487036579685
24,4.025089496203003,1.0124592074549659,5.0375487036579685,0.35893627462644784,5.396484978284416
25,4.103849667702381,1.2926353105820354,5.396484978284416,0.030057098916189684,5.426542077200606
26,4.20353991632434,1.2230021608762662,5.426542077200606,0.016353422862716512,5.442895500063323
27,4.5477318992569575,0.8951636008063657,5.442895500063323,0.027312527666235202,5.470208027729559
28,4.644670724465324,0.8255373032642348,5.470208027729559,0.48117833914764085,5.951386366877199
29,5.523093793899849,0.4282925729773499,5.951386366877199,0.10156100301790567,6.052947369895104
30,5.872975039539557,0.1799723303555476,6.052947369895104,0.048252655314553645,6.101200025209658
31,6.054923308854373,0.046276716355285075,6.101200025209658,0.38855189554898883,6.489751920758646
32,6.2078768443016,0.28187507645704635,6.489751920758646,0.14868156152666442,6.63843348228531
33,6.2158916673239135,0.42254181496139687,6.63843348228531,0.07364887792359194,6.712082360208902
34,6.232483895957688,0.47959846425121455,6.712082360208902,0.06075090091396063,6.772833261122863
35,6.312794244616033,0.46003901650683066,6.772833261122863,0.24774494329541155,7.020578204418275
36,6.320950145511039,0.6996280589072361,7.020578204418275,0.09353806662509453,7.114116271043369
37,6.396596083507827,0.7175201875355421,7.114116271043369,0.16865860276733524,7.2827748738107045
38,6.481631859302756,0.8011430145079483,7.2827748738107045,0.007342270554303706,7.290117144365008
39,6.905543240683561,0.3845739036814475,7.290117144365008,0.2401184648455813,7.53023560921059
40,7.326448581013699,0.2037870281968912,7.53023560921059,0.09007363187393838,7.620309241084528
41,7.51251513550574,0.10779410557878855,7.620309241084528,0.12007496373299167,7.74038420481752
42,7.694694520415627,0.045689684401892805,7.74038420481752,0.05068395347389608,7.791068158291416
43,7.766278609678237,0.024789548613179058,7.791068158291416,0.004287987490442969,7.7953561457818585
44,7.838490535534563,0.0,7.838490535534563,0.0461953329711669,7.88468586850573
45,8.001588841072502,0.0,8.001588841072502,0.13892924844192467,8.140518089514426
46,8.130510630664661,0.010007458849765172,8.140518089514426,0.05773981768020353,8.19825790719463
47,8.143792243809054,0.054465663385576235,8.19825790719463,0.6424429345203102,8.840700841714941
48,8.226806819959545,0.6138940217553959,8.840700841714941,0.11388219218682323,8.954583033901764
49,8.981962231890835,0.0,8.981962231890835,0.09686688017340886,9.078829112064243
50,9.05858737373021,0.020241738334032533,9.078829112064243,0.12225771973395497,9.201086831798198
51,9.231202035885632,0.0,9.231202035885632,0.32061583274968575,9.551817868635318
52,9.245307403984118,0.30651046465120046,9.551817868635318,0.10410198693606638,9.655919855571385
53,9.549912772503555,0.10600708306782991,9.655919855571385,0.21133135358257776,9.867251209153963
54,9.726301252199981,0.14094995695398183,9.867251209153963,0.006299985455362624,9.873551194609325
55,9.81265990401205,0.06089129059727583,9.873551194609325,0.13804308801135068,10.011594282620676
56,9.883917728380311,0.12767655424036484,10.011594282620676,0.11968747466422702,10.131281757284903
57,10.10776253529706,0.023519221987843508,10.131281757284903,0.028899001046874873,10.160180758331778
58,10.11812178160259,0.04205897672918901,10.160180758331778,0.06870194091596306,10.228882699247741
59,10.140993910223655,0.08788878902408648,10.228882699247741,0.03285229912857771,10.261734998376319
60,10.575002166090167,0.0,10.575002166090167,0.07578420052392368,10.65078636661409
61,10.624379135127775,0.026407231486315297,10.65078636661409,0.2327215372048133,10.883507903818904
62,10.646985907786192,0.23652199603271207,10.883507903818904,0.22748950408060456,11.110997407899509
63,10.77388055733689,0.3371168505626194,11.110997407899509,0.15198989848375133,11.26298730638326
64,10.805825170893321,0.45716213548993956,11.26298730638326,0.03389726651039343,11.296884572893655
65,11.012993307553153,0.28389126534050213,11.296884572893655,0.00830835538563487,11.30519292827929
66,11.070160065948881,0.23503286233040832,11.30519292827929,0.130296408287975,11.435489336567265
67,11.121596677226613,0.31389265934065236,11.435489336567265,0.08005251094926132,11.515541847516527
68,11.632403749650198,0.0,11.632403749650198,0.4325061378537683,12.064909887503966
69,11.799691784909252,0.265218102594714,12.064909887503966,0.12707247484052073,12.191982362344486
70,11.802686093096241,0.3892962692482449,12.191982362344486,0.6353573901313081,12.827339752475794
71,11.972893884894017,0.8544458675817772,12.827339752475794,0.26150826567759167,13.088848018153385
72,12.13779914208095,0.9510488760724343,13.088848018153385,0.3497166976396993,13.438564715793085
73,12.31330731632391,1.1252573994691755,13.438564715793085,0.20565268072272205,13.644217396515806
74,12.345466329296158,1.2987510672196478,13.644217396515806,0.0932341005717098,13.737451497087516
75,12.582228525542034,1.1552229715454825,13.737451497087516,0.01841779741376083,13.755869294501277
76,12.698051287753195,1.0578180067480822,13.755869294501277,0.030294048223624775,13.786163342724903
77,12.83949183925923,0.946671503465673,13.786163342724903,0.2849094019580784,14.071072744682981
78,12.858377434710496,1.212695309972485,14.071072744682981,0.26829695416693233,14.339369698849913
79,13.024917386501741,1.3144523123481715,14.339369698849913,0.1483347393964991,14.487704438246412
80,13.06907182385041,1.418632614396003,14.487704438246412,0.09548512034250561,14.583189558588918
81,13.139239870005614,1.443949688583304,14.583189558588918,0.006380189611990723,14.589569748200908
82,13.145472965573203,1.444096782627705,14.589569748200908,0.10058307524639357,14.690152823447303
83,13.418664734426446,1.2714880890208562,14.690152823447303,0.13580876043353968,14.825961583880842
84,13.51592828302207,1.3100333008587715,14.825961583880842,0.030668389837235775,14.856629973718078
85,13.880282950411072,0.9763470233070066,14.856629973718078,0.15232050512428982,15.008950478842369
86,14.185591867733615,0.8233586111087536,15.008950478842369,0.314538377072523,15.323488855914892
87,14.370437787958599,0.9530510679562934,15.323488855914892,0.25316006312653994,15.576648919041432
88,14.561723336435989,1.0149255826054429,15.576648919041432,0.0035653975479398204,15.580214316589371
89,14.839354242859118,0.7408600737302535,15.580214316589371,0.032272647167637454,15.612486963757009
90,14.962041932430541,0.650445031326468,15.612486963757009,0.11995719237407484,15.732444156131084
91,15.094379732304962,0.6380644238261226,15.732444156131084,0.31006256277844774,16.042506718909532
92,15.132808999515655,0.9096977193938773,16.042506718909532,0.0024571702204097077,16.044963889129942
93,15.510591844149225,0.5343720449807172,16.044963889129942,0.22623562648314804,16.27119951561309
94,15.632609661936444,0.6385898536766472,16.27119951561309,0.08989897481541947,16.36109849042851
95,15.657434421070269,0.7036640693582417,16.36109849042851,0.06891935504489957,16.43001784547341
96,15.677323152205345,0.7526946932680669,16.43001784547341,0.20969761659840105,16.639715462071813
97,15.693366867789713,0.9463485942820995,16.639715462071813,0.038434862134462164,16.678150324206275
98,15.863925026257624,0.8142252979486511,16.678150324206275,0.057983579930685716,16.73613390413696
99,16.077188943130807,0.6589449610061529,16.73613390413696,0.2712401223072397,17.0073740264442
100,16.163719260862962,0.8436547655812383,17.0073740264442,0.016349746355965134,17.023723772800164
101,16.49938693671978,0.5243368360803835,17.023723772800164,0.256082921321909,17.279806694122072
102,16.599370375060303,0.6804363190617693,17.279806694122072,0.3331050165288457,17.61291171065092
103,16.696282028047484,0.9166296826034355,17.61291171065092,0.049577828626484494,17.662489539277406
104,17.049971007521773,0.612518531755633,17.662489539277406,0.22220947722106832,17.884699016498473
105,17.191664153284652,0.6930348632138212,17.884699016498473,0.17229040453896385,18.056989421037436
106,17.239616976804367,0.8173724442330688,18.056989421037436,0.3767616197315509,18.433751040768986
107,17.915580009718294,0.5181710310506915,18.433751040768986,0.0635437844718216,18.497294825240807
108,18.316896483732293,0.1803983415085142,18.497294825240807,0.0619124892371022,18.55920731447791
109,18.32201419531172,0.23719311916618935,18.55920731447791,0.00840774178624123,18.56761505626415
110,18.362836075924406,0.20477898033974284,18.56761505626415,0.011921969173239351,18.57953702543739
111,18.422375937736646,0.157161087700743,18.57953702543739,0.40809269756136946,18.987629722998758
112,18.5448182703161,0.4428114526826583,18.987629722998758,0.023250922192057898,19.010880645190817
113,18.876850507757975,0.1340301374328412,19.010880645190817,0.08610424631979052,19.09698489151061
114,18.88179772268649,0.21518716882411937,19.09698489151061,0.3239549710136883,19.420939862524296
115,18.945920009372685,0.4750198531516112,19.420939862524296,0.20579936930488535,19.62673923182918
116,19.033860631455433,0.5928786003737478,19.62673923182918,0.26356342281642403,19.890302654645605
117,19.406235475454785,0.48406717919082,19.890302654645605,0.12875162334276857,20.019054277988374
118,19.57001679647516,0.44903748151321565,20.019054277988374,0.02178161642737815,20.040835894415753
119,19.66486472813119,0.3759711662845646,20.040835894415753,0.0933206102165647,20.13415650463232
120,19.808028640147437,0.3261278644848815,20.13415650463232,0.3705713397233765,20.504727844355696
121,19.879423812730646,0.6253040316250491,20.504727844355696,0.08415215605586449,20.58888000041156
122,20.194695277521973,0.3941847228895874,20.58888000041156,0.0885829934417865,20.677462993853347
123,20.23557621024135,0.44188678361199507,20.677462993853347,0.30568806419449535,20.98315105804784
124,20.40403162722216,0.5791194308256813,20.98315105804784,0.01032146921748455,20.993472527265325
125,21.304499736813963,0.0,21.304499736813963,0.043297437959286235,21.34779717477325
126,21.495247231452915,0.0,21.495247231452915,0.07648468370637075,21.571731915159287
127,21.81993019497824,0.0,21.81993019497824,0.16461405041363836,21.98454424539188
128,22.164246108827946,0.0,22.164246108827946,0.05667216046636514,22.220918269294312
129,22.228506326214234,0.0,22.228506326214234,0.15315398725226295,22.381660313466497
130,22.786296122164572,0.0,22.786296122164572,0.2047657460582044,22.991061868222776
131,22.8474390365027,0.1436228317200765,22.991061868222776,0.0217485594395352,23.01281042766231
132,22.97020431396128,0.04260611370103007,23.01281042766231,0.6135679025536088,23.626378330215918
133,23.198450477186597,0.42792785302932046,23.626378330215918,0.035791012397373215,23.66216934261329
134,23.208023833014618,0.4541455095986713,23.66216934261329,0.5083434027068561,24.170512745320146
135,23.599325678947192,0.5711870663729535,24.170512745320146,0.29328300481015646,24.463795750130302
136,24.263621058307812,0.2001746918224896,24.463795750130302,0.15227256385280818,24.61606831398311
137,24.798107007783386,0.0,24.798107007783386,0.02645412359577417,24.82456113137916
138,24.822305714010426,0.002255417368733248,24.82456113137916,0.07754352269046823,24.90210465406963
139,25.113271861291764,0.0,25.113271861291764,0.06455722511989079,25.177829086411656
140,25.316513457620605,0.0,25.316513457620605,0.0015439798669335217,25.31805743748754
141,25.473331456789495,0.0,25.473331456789495,0.06868652794479084,25.542017984734287
142,25.929935620020526,0.0,25.929935620020526,0.4708774454710159,26.40081306549154
143,26.026876848437027,0.3739362170545135,26.40081306549154,0.08406268674962186,26.484875752241162
144,26.48202642880619,0.0028493234349724617,26.484875752241162,0.010103897987568094,26.494979650228732
145,26.585992736055335,0.0,26.585992736055335,0.023243976422018562,26.609236712477355
146,26.6041899146237,0.005046797853655249,26.609236712477355,0.2553852578019973,26.86462197027935
147,26.676835863536454,0.18778610674289808,26.86462197027935,0.14620072279470464,27.010822693074058
148,27.098348401152386,0.0,27.098348401152386,0.35448098682963974,27.452829387982025
149,27.28208422112636,0.17074516685566365,27.452829387982025,0.17271320541964125,27.625542593401665
150,27.29374318181989,0.3317994115817733,27.625542593401665,0.05884787337896191,27.684390466780627
151,27.5291279758311,0.1552624909495286,27.684390466780627,0.03492059037348479,27.719311057154112
152,27.854045937515533,0.0,27.854045937515533,0.12051989882475306,27.974565836340286
153,28.13722026744206,0.0,28.13722026744206,0.03262632002129991,28.16984658746336
154,28.154467030507618,0.015379556955743112,28.16984658746336,0.10965316401071747,28.279499751474077
155,28.304984430143353,0.0,28.304984430143353,0.19862369067962932,28.50360812082298
156,28.350807100685355,0.15280102013762686,28.50360812082298,0.18547164517884818,28.68907976600183
157,28.66607478496551,0.023004981036319094,28.68907976600183,0.007105642720465195,28.696185408722293
158,29.32738411820679,0.0,29.32738411820679,0.6174521383322352,29.944836256539027
159,29.487379555160633,0.4574567013783941,29.944836256539027,0.01118487843075978,29.956021134969788
160,29.572075879150095,0.3839452558196932,29.956021134969788,0.0034402578798151283,29.959461392849605
161,29.894817090537273,0.06464430231233109,29.959461392849605,0.03885030726515183,29.998311700114755
162,29.925739500330142,0.07257219978461293,29.998311700114755,0.2006032469748639,30.19891494708962
163,29.937678844597134,0.26123610249248586,30.19891494708962,0.049421866645897414,30.248336813735516
164,30.080484290306142,0.1678525234293744,30.248336813735516,0.8919103015161602,31.140247115251675
165,30.11216991181169,1.0280772034399845,31.140247115251675,0.09949252785622331,31.2397396431079
166,30.29614954607641,0.943590097031489,31.2397396431079,0.01705575608123558,31.256795399189134
167,30.36429155331272,0.8925038458764121,31.256795399189134,0.21263775945991326,31.469433158649046
168,30.5243516644837,0.9450814941653469,31.469433158649046,0.30395452057639816,31.773387679225443
169,30.698009626712103,1.07537805251334,31.773387679225443,0.03400697120052087,31.807394650425966
170,30.889173025923224,0.9182216245027419,31.807394650425966,0.36332834867509445,32.17072299910106
171,31.03463351445654,1.1360894846445184,32.17072299910106,0.1639806162363872,32.334703615337446
172,31.17529690504708,1.1594067102903658,32.334703615337446,0.4007005783593212,32.735404193696766
173,31.281946824697556,1.45345736899921,32.735404193696766,0.12778772896426677,32.86319192266103
174,31.365852468716202,1.4973394539448286,32.86319192266103,0.02312928709409595,32.886321209755124
175,31.583281180889443,1.3030400288656807,32.886321209755124,0.4572882040968825,33.34360941385201
176,31.773007389368043,1.5706020244839642,33.34360941385201,0.30830754177020914,33.65191695562222
177,31.822164080575355,1.8297528750468643,33.65191695562222,0.3891360637280682,34.04105301935029
178,31.824127683874952,2.2169253354753344,34.04105301935029,0.04265691324060862,34.08370993259089
179,31.85245309927909,2.2312568333118037,34.08370993259089,0.39683517148969877,34.48054510408059
180,32.334555404751164,2.1459896993294265,34.48054510408059,0.145003761966145,34.625548866046735
181,32.352867320727576,2.272681545319159,34.625548866046735,0.020715592112483895,34.646264458159216
182,32.64773621720705,1.9985282409521687,34.646264458159216,0.2199566884794273,34.866221146638644
183,32.66596821648056,2.2002529301580864,34.866221146638644,0.07372186411038524,34.939943010749026
184,32.962715806627635,1.977227204121391,34.939943010749026,0.023492499272295714,34.96343551002132
185,33.117081357902315,1.8463541521190052,34.96343551002132,0.23422823389603742,35.19766374391736
186,33.180716810167844,2.016946933749516,35.19766374391736,0.13931711496256732,35.336980858879926
187,33.3102311393301,2.0267497195498265,35.336980858879926,0.13555494179626382,35.47253580067619
188,33.42645824655487,2.046077554121318,35.47253580067619,0.1972187097369018,35.66975451041309
189,33.67979617193505,1.98995833847804,35.66975451041309,0.23535922055615183,35.90511373096924
190,33.68740343277792,2.217710298191321,35.90511373096924,0.1893002508358606,36.094413981805104
191,33.817122649883764,2.27729133192134,36.094413981805104,0.017591827422923853,36.11200580922803
192,34.0076079331406,2.1043978760874325,36.11200580922803,0.30327189341922955,36.41527770264726
193,34.27238007211191,2.1428976305353515,36.41527770264726,0.06466124379342056,36.47993894644068
194,34.28643351825811,2.1935054281825757,36.47993894644068,0.00634080854945417,36.486279754990136
195,34.45023243423298,2.036047320757156,36.486279754990136,0.029228170150503968,36.51550792514064
196,34.5125968392156,2.0029110859250423,36.51550792514064,0.04480175674970108,36.56030968189034
197,34.51650425389738,2.0438054279929574,36.56030968189034,0.027417488164976953,36.58772717005532
198,34.523402360253236,2.0643248098020806,36.58772717005532,0.6680418001577207,37.25576897021304
199,34.6128114977326,2.6429574724804397,37.25576897021304,0.2909378805468209,37.54670685075986
200,34.719097931452,2.8276089193078633,37.54670685075986,0.0486549906069485,37.59536184136681
201,34.773121609365084,2.8222402320017252,37.59536184136681,0.2472191065210885,37.842580947887896
202,34.99561734934412,2.8469635985437733,37.842580947887896,0.204216934219203,38.0467978821071
203,35.37929344615527,2.6675044359518267,38.0467978821071,0.1230413746961925,38.16983925680329
204,35.496248761304884,2.6735904954984093,38.16983925680329,0.13447874215158717,38.30431799895488
205,35.70735636048219,2.596961638472692,38.30431799895488,0.2589641730991913,38.56328217205407
206,36.152980778971255,2.4103013930828183,38.56328217205407,0.06162794168711078,38.62491011374119
207,36.18212697090599,2.4427831428351965,38.62491011374119,0.23166797583134038,38.85657808957253
208,36.331788441998945,2.5247896475735843,38.85657808957253,0.2559836810044577,39.11256177057699
209,36.44418629848801,2.668375472088975,39.11256177057699,0.30423308262105053,39.41679485319804
210,36.59834492871236,2.8184499244856838,39.41679485319804,0.048041246077123415,39.46483609927517
211,36.610484831067645,2.854351268207523,39.46483609927517,0.016075841385776786,39.480911940660945
212,36.64876535040314,2.832146590257807,39.480911940660945,0.09641464402441902,39.577326584685366
213,36.98189741220118,2.595429172484188,39.577326584685366,0.4020706100409468,39.97939719472631
214,37.153544570213946,2.8258526245123647,39.97939719472631,0.05735293161454984,40.03675012634086
215,37.364532392885835,2.672217733455028,40.03675012634086,0.1693153387433234,40.20606546508419
216,37.50459686088483,2.7014686041993556,40.20606546508419,0.5613875187580277,40.76745298384221
217,37.83329008249385,2.9341629013483583,40.76745298384221,0.4397214308108114,41.207174414653025
218,38.02364005409437,3.183534360558653,41.207174414653025,0.6696001865625831,41.87677460121561
219,38.27468482197729,3.6020897792383195,41.87677460121561,0.001449496792685485,41.878224098008296
220,38.34266119321018,3.5355629047981125,41.878224098008296,0.30689358418960844,42.185117682197905
221,38.45976279713748,3.725354885060426,42.185117682197905,0.03166845181481524,42.21678613401272
222,38.4840894851802,3.7326966488325226,42.21678613401272,0.266482774568523,42.483268908581245
223,38.6934292588239,3.789839649757347,42.483268908581245,0.1161075480173532,42.5993764565986
224,38.760702965528615,3.838673491069983,42.5993764565986,0.16875247625576897,42.76812893285437
225,38.8525843696625,3.9155445631918653,42.76812893285437,0.12925435428480656,42.89738328713917
226,39.13973743472181,3.7576458524173617,42.89738328713917,0.3053130780204212,43.20269636515959
227,39.161914230223026,4.040782134936563,43.20269636515959,0.11910651715626776,43.32180288231586
228,39.369317220732185,3.9524856615836725,43.32180288231586,0.02768891180945414,43.34949179412531
229,39.36966946055327,3.979822333572045,43.34949179412531,0.5687725235099019,43.91826431763521
230,39.69958246239475,4.218681855240462,43.91826431763521,0.05338306113134152,43.971647378766555
231,39.765030548609595,4.20661683015696,43.971647378766555,0.02143433161669476,43.99308171038325
232,39.89608073473797,4.09700097564528,43.99308171038325,0.44878305464822166,44.441864765031475
233,40.38893084919659,4.052933915834885,44.441864765031475,0.04659144991436841,44.48845621494584
234,40.48938937471189,3.999066840233951,44.48845621494584,0.5857623806241601,45.07421859557
235,40.55387710603254,4.520341489537465,45.07421859557,0.4630325774246675,45.53725117299467
236,40.846955145563065,4.690296027431607,45.53725117299467,0.3600633245483703,45.89731449754304
237,41.2565514341925,4.640763063350541,45.89731449754304,0.02639595196933795,45.92371044951238
238,41.56790988929623,4.355800560216146,45.92371044951238,0.39989016996227866,46.323600619474654
239,41.93215234269784,4.3914482767768135,46.323600619474654,0.2074838484626811,46.53108446793733
240,42.005606928942434,4.525477538994899,46.53108446793733,0.07277038737567092,46.603854855313
241,42.05953696014694,4.54431789516606,46.603854855313,0.015683951808385423,46.61953880712139
242,42.10278995633063,4.516748850790755,46.61953880712139,0.15943542115836884,46.77897422827976
243,42.64068572723812,4.138288501041636,46.77897422827976,0.19578095352377628,46.97475518180353
244,42.80618015475475,4.168575027048782,46.97475518180353,0.051032235929232034,47.025787417732765
245,42.95597424858014,4.069813169152624,47.025787417732765,0.2719326961804965,47.297720113913265
246,43.02590727515917,4.271812838754094,47.297720113913265,0.033755108762014235,47.33147522267528
247,43.02989322397356,4.301581998701721,47.33147522267528,0.22665498429250985,47.55813020696779
248,43.037702397732104,4.520427809235684,47.55813020696779,0.09476590083249797,47.65289610780029
249,43.394561589436364,4.258334518363924,47.65289610780029,0.0022583242975397237,47.65515443209783
250,43.5369604820428,4.11819395005503,47.65515443209783,0.10884315990946244,47.76399759200729
251,43.54298118996393,4.221016402043361,47.76399759200729,0.0019157223842619885,47.765913314391554
252,43.62362790998931,4.142285404402244,47.765913314391554,0.010566497971886937,47.77647981236344
253,43.80597488911235,3.9705049232510916,47.77647981236344,0.36180959077362596,48.138289403137065
254,43.91222606233035,4.226063340806718,48.138289403137065,0.006503969899402131,48.14479337303647
255,43.92908559927089,4.21570777376558,48.14479337303647,0.0142441335866507,48.15903750662312
256,44.26056698255308,3.898470524070042,48.15903750662312,0.2688189935538289,48.42785650017695
257,44.26397786548829,4.163878634688658,48.42785650017695,0.3292335064192895,48.75709000659624
258,44.748477449290235,4.008612557306009,48.75709000659624,0.0853813055553574,48.8424713121516
259,44.816101563700784,4.0263697484508185,48.8424713121516,0.30863256798489724,49.151103880136496
260,45.008068888276725,4.143034991859771,49.151103880136496,0.025253221021104062,49.1763571011576
261,45.06001888477934,4.11633821637826,49.1763571011576,0.3069979809317051,49.483355082089304
262,45.43205884939465,4.0512962326946536,49.483355082089304,0.041441424636332706,49.524796506725636
263,45.76540620577149,3.759390300954145,49.524796506725636,0.12796176488157515,49.65275827160721
264,45.9539477519479,3.698810519659311,49.65275827160721,0.1236773512214346,49.77643562282864
265,46.15807207888737,3.618363543941271,49.77643562282864,0.0008616146454611885,49.7772972374741
266,46.16308206477166,3.614215172702444,49.7772972374741,0.19521134984116553,49.97250858731527
267,46.20073220938896,3.771776377926308,49.97250858731527,0.19732394101946715,50.16983252833474
268,46.26790107062523,3.9019314577095088,50.16983252833474,0.009447073875618276,50.17927960221036
269,46.44246252031844,3.736817081891914,50.17927960221036,0.05845324421587643,50.23773284642623
270,46.52042501149944,3.7173078349267925,50.23773284642623,0.5684876981766414,50.80622054460287
271,46.563791380118815,4.242429164484058,50.80622054460287,0.07113092325988545,50.87735146786276
272,46.585757492878535,4.291593974984224,50.87735146786276,0.08563329939332201,50.96298476725608
273,46.605246466123134,4.357738301132947,50.96298476725608,0.11714700394748236,51.08013177120356
274,46.876664068723414,4.203467702480147,51.08013177120356,0.0008840922448750599,51.081015863448435
275,46.89556162947896,4.185454233969473,51.081015863448435,0.009637337810829425,51.090653201259265
276,47.32695692526873,3.763696275990533,51.090653201259265,0.7065908962558216,51.79724409751508
277,47.4738235592105,4.323420538304582,51.79724409751508,0.036861215386177475,51.83410531290126
278,48.01547855273162,3.8186267601696358,51.83410531290126,0.17717448526834362,52.0112797981696
279,48.329321849648885,3.6819579485207186,52.0112797981696,0.11930565789300812,52.13058545606261
280,48.63975564894698,3.490829807115631,52.13058545606261,0.06794376972974703,52.198529225792356
281,48.66379479295891,3.534734432833446,52.198529225792356,0.3919870270113941,52.59051625280375
282,48.664641364845146,3.9258748879586065,52.59051625280375,0.012724236953991861,52.603240489757745
283,48.693021223531574,3.9102192662261714,52.603240489757745,0.4749834049865087,53.078223894744255
284,48.76519502207949,4.313028872664766,53.078223894744255,0.039987481260838606,53.11821137600509
285,48.82424717978523,4.293964196219861,53.11821137600509,0.016806250135215785,53.13501762614031
286,48.9270124985534,4.208005127586908,53.13501762614031,0.2188577761518905,53.3538754022922
287,49.13595663620175,4.217918766090456,53.3538754022922,0.04813502493405236,53.40201042722626
288,49.187565475710954,4.214444951515304,53.40201042722626,0.11413571870398949,53.51614614593025
289,49.58771368121331,3.9284324647169413,53.51614614593025,0.1675493582689414,53.68369550419919
290,49.86859921723581,3.8150962869633815,53.68369550419919,0.09578241449729774,53.77947791869649
291,49.97083505123462,3.80864286746187,53.77947791869649,0.21390595045024333,53.99338386914673
292,50.063995490175664,3.929388378971069,53.99338386914673,0.13404963793494876,54.12743350708168
293,50.08077262374874,4.04666088333294,54.12743350708168,0.15034684775577606,54.27778035483746
294,50.146729564112725,4.131050790724736,54.27778035483746,0.22608867188298334,54.503869026720444
295,50.21772974662436,4.286139280096087,54.503869026720444,0.23615080916340517,54.74001983588385
296,50.269059508279064,4.470960327604786,54.74001983588385,0.0007362312045953672,54.74075606708845
297,50.2991729953074,4.4415830717810465,54.74075606708845,0.05844022148583064,54.79919628857428
298,50.34270318204887,4.456493106525407,54.79919628857428,0.13267106946502047,54.9318673580393
299,50.38984566650723,4.542021691532071,54.9318673580393,0.251216223582135,55.18308358162143
300,50.52243907128889,4.6606445103325385,55.18308358162143,0.16997011360088235,55.353053695222314
301,50.55915064922094,4.793903046001375,55.353053695222314,0.43100735756515707,55.78406105278747
302,50.8118527182158,4.972208334571668,55.78406105278747,0.028033016306676525,55.81209406909415
303,51.069058273913214,4.743035795180937,55.81209406909415,0.03438310570093232,55.84647717479508
304,51.42305540199325,4.423421772801831,55.84647717479508,0.03649242360900481,55.88296959840409
305,52.07344199575411,3.809527602649979,55.88296959840409,0.13219719935873797,56.015166797762824
306,52.12386987509529,3.891296922667536,56.015166797762824,0.03986330178210211,56.05503009954493
307,52.3216356883173,3.7333944112276285,56.05503009954493,0.1671910182705129,56.222221117815444
308,52.393909746080915,3.8283113717345287,56.222221117815444,0.28247002842355934,56.504691146239004
309,52.502530175387314,4.0021609708516905,56.504691146239004,0.28020783133814187,56.78489897757714
310,52.56416568972558,4.220733287851566,56.78489897757714,0.6833146973245556,57.4682136749017
311,52.9757883292821,4.492425345619594,57.4682136749017,0.09919300460329057,57.56740667950499
312,53.057497652452334,4.509909027052657,57.56740667950499,0.005026036043444762,57.57243271554844
313,53.998203123373344,3.5742295921750937,57.57243271554844,0.1904009932238409,57.76283370877228
314,54.04013958236168,3.7226941264105946,57.76283370877228,0.007681939241241044,57.770515648013514
315,54.04278490893973,3.7277307390737846,57.770515648013514,0.18069153909703678,57.951207187110555
316,54.06553342834308,3.8856737587674743,57.951207187110555,0.061833715160536075,58.013040902271094
317,54.13915210523827,3.8738887970328264,58.013040902271094,0.020827503150337073,58.03386840542143
318,54.726386156157105,3.307482249264325,58.03386840542143,0.6315645474498598,58.66543295287129
319,55.19606852061684,3.4693644322544515,58.66543295287129,0.26508646015010773,58.9305194130214
320,55.20960214681431,3.7209172662070884,58.9305194130214,0.2104074797126372,59.140926892734036
321,55.33133042737636,3.8095964653576786,59.140926892734036,0.027377666563942474,59.16830455929798
322,55.53942940490637,3.628875154391608,59.16830455929798,0.004945069584380299,59.17324962888236
323,55.81952499782272,3.3537246310596416,59.17324962888236,0.3674750154379978,59.540724644320356
324,55.821611855344976,3.71911278897538,59.540724644320356,0.06610764605337521,59.60683229037373
325,56.17423586913666,3.432596421237072,59.60683229037373,0.019909454784164546,59.626741745157894
326,56.17923702773422,3.4475047174236764,59.626741745157894,0.28065185112322666,59.90739359628112
327,56.23648172759832,3.6709118686828006,59.90739359628112,0.0477685733259199,59.955162169607036
328,56.270933035502274,3.6842291341047613,59.955162169607036,0.05384019443253023,60.00900236403957
329,56.382904819951094,3.6260975440884735,60.00900236403957,0.04982911139185185,60.05883147543142
330,56.47434505966645,3.584486415764971,60.05883147543142,0.07161663337582053,60.13044810880724
331,56.55534883533434,3.575099273472894,60.13044810880724,0.060249472186587896,60.19069758099383
332,56.631053290772186,3.559644290221641,60.19069758099383,0.05250320910077756,60.243200790094605
333,57.09216041658654,3.151040373508067,60.243200790094605,0.5684110507546853,60.81161184084929
334,57.546181184673586,3.2654306561757025,60.81161184084929,0.07787467284238278,60.88948651369167
335,57.755164713913864,3.1343217997778083,60.88948651369167,0.06219257587502407,60.951679089566696
336,58.08728159103574,2.8643974985309555,60.951679089566696,0.2722652943023275,61.223944383869025
337,58.40366334773396,2.8202810361350643,61.223944383869025,0.019691278593876083,61.2436356624629
338,58.73749896044636,2.5061367020165406,61.2436356624629,0.25201582925334154,61.49565149171624
339,59.17020303934355,2.32544845237269,61.49565149171624,0.06487153405718413,61.56052302577342
340,59.19287383317863,2.36764919259479,61.56052302577342,0.029307050216510866,61.58983007598993
341,59.41630223168894,2.1735278443009918,61.58983007598993,0.20871461803173377,61.798544694021665
342,59.470463080686464,2.3280816133352005,61.798544694021665,0.27307355276822903,62.071618246789896
343,59.971394272418394,2.1002239743715023,62.071618246789896,0.6958012270573875,62.76741947384728
344,61.136390829809024,1.6310286440382598,62.76741947384728,0.12091887975617899,62.888338353603466
345,61.37724160431819,1.5110967492852723,62.888338353603466,0.013274687558695953,62.901613041162165
346,61.84005474658454,1.0615582945776225,62.901613041162165,0.2799612143615814,63.18157425552375
347,61.929019167228205,1.2525550882955443,63.18157425552375,0.6195721217161395,63.80114637723989
348,62.02656670878074,1.7745796684591468,63.80114637723989,0.002723700218864723,63.803870077458754
349,62.030336913717576,1.7735331637411775,63.803870077458754,0.13092808874088716,63.93479816619964
350,62.14742746603646,1.78737070016318,63.93479816619964,0.004339360981212887,63.939137527180854
351,62.239297031593374,1.6998404955874804,63.939137527180854,0.09087998800460398,64.03001751518546
352,62.34327163769051,1.6867458774949498,64.03001751518546,1.042369083877491,65.07238659906295
353,62.377352300209104,2.695034298853848,65.07238659906295,0.09573377729950695,65.16812037636245
354,62.44035820024326,2.7277621761191924,65.16812037636245,0.578764884165305,65.74688526052776
355,62.61858469530573,3.128300565222034,65.74688526052776,0.20300430572651984,65.94988956625429
356,62.828512936171826,3.121376630082459,65.94988956625429,0.2346933358465755,66.18458290210086
357,63.26162487278295,2.922958029317904,66.18458290210086,0.04862678196393852,66.23320968406479
358,63.31337741405135,2.919832270013437,66.23320968406479,0.15381948454337208,66.38702916860817
359,63.36725789056562,3.0197712780425476,66.38702916860817,0.21883216212902903,66.6058613307372
360,63.585386070080425,3.0204752606567737,66.6058613307372,0.045580541365883576,66.65144187210308
361,63.626524102803835,3.0249177692992433,66.65144187210308,0.06251576189966113,66.71395763400274
362,63.71776916952446,2.99618846447828,66.71395763400274,0.14856180069600877,66.86251943469875
363,64.00255922736919,2.8599602073295642,66.86251943469875,0.0648542495020894,66.92737368420084
364,64.14199916157486,2.785374522625986,66.92737368420084,0.1461106680199612,67.0734843522208
365,64.20401220692389,2.8694721452969105,67.0734843522208,0.20853790066467917,67.28202225288548
366,64.32624127893607,2.955780973949416,67.28202225288548,0.17508056784600023,67.45710282073148
367,64.46594110971438,2.9911617110170994,67.45710282073148,0.09409446054873738,67.55119728128021
368,64.71894518943486,2.8322520918453478,67.55119728128021,0.002072978869953708,67.55327026015016
369,64.73568551604036,2.8175847441097943,67.55327026015016,0.14315029981694505,67.69642055996711
370,65.07168089368085,2.62473966628626,67.69642055996711,0.13741301691352256,67.83383357688064
371,65.256742999404,2.577090577476639,67.83383357688064,0.041534380733278274,67.87536795761392
372,65.76074461354628,2.1146233440676383,67.87536795761392,0.03834052909637532,67.91370848671029
373,65.99391217820738,1.9197963085029102,67.91370848671029,0.07838990005855198,67.99209838676884
374,66.04144411538965,1.950654271379193,67.99209838676884,0.28672018446342495,68.27881857123226
375,66.06578149311576,2.2130370781165,68.27881857123226,0.2471714348773727,68.52599000610964
376,66.19774738662194,2.328242619487696,68.52599000610964,0.4983240305325455,69.02431403664218
377,66.3573172875514,2.666996749090785,69.02431403664218,0.12387220387918248,69.14818624052137
378,66.77095401433792,2.3772322261834518,69.14818624052137,0.17341846835023222,69.3216047088716
379,66.8508200383914,2.4707846704801995,69.3216047088716,0.001750716198428108,69.32335542507003
380,66.88031026802553,2.4430451570445086,69.32335542507003,0.24517652566294248,69.56853195073298
381,67.23834235774069,2.3301895929922836,69.56853195073298,0.18211149176074018,69.75064344249371
382,67.4097374944355,2.3409059480582073,69.75064344249371,0.3984748854742975,70.14911832796801
383,67.66035270400013,2.488765623967879,70.14911832796801,0.10959784026617048,70.25871616823419
384,67.9061355516792,2.352580616554988,70.25871616823419,0.1699851465856304,70.42870131481982
385,67.91118669221363,2.5175146226061855,70.42870131481982,0.27082127036553566,70.69952258518535
386,68.18554566385372,2.5139769213316328,70.69952258518535,0.08158391437720695,70.78110649956255
387,68.36207864880414,2.419027850758411,70.78110649956255,0.04494244352226283,70.82604894308481
388,69.25743777048878,1.5686111725960359,70.82604894308481,0.1481054325178057,70.97415437560262
389,69.30183608463717,1.6723182909654497,70.97415437560262,0.770347787791328,71.74450216339395
390,69.68543862132304,2.059063542070902,71.74450216339395,0.07029650161640177,71.81479866501034
391,69.89946751820644,1.9153311468039078,71.81479866501034,0.45066072281910574,72.26545938782945
392,70.06324422792588,2.2022151599035737,72.26545938782945,0.15999911349961024,72.42545850132906
393,70.18983881350687,2.2356196878221937,72.42545850132906,0.8774728955235951,73.30293139685266
394,70.7318704253678,2.5710609714848545,73.30293139685266,0.004777046499748007,73.30770844335241
395,70.85085429213078,2.456854151221634,73.30770844335241,0.06924649123237464,73.37695493458479
396,70.88471854063927,2.492236393945518,73.37695493458479,0.05841205894028069,73.43536699352507
397,71.13735711070585,2.2980098828192155,73.43536699352507,0.1112496680713226,73.54661666159639
398,71.21107708818845,2.3355395734079423,73.54661666159639,0.4208479296884076,73.9674645912848
399,71.449060827699,2.5184037635857948,73.9674645912848,0.0539930161310068,74.0214576074158
400,71.76421687017003,2.257240737245766,74.0214576074158,1.099936316580282,75.12139392399608
401,72.00789913158287,3.1134947924132064,75.12139392399608,0.107338599111105,75.22873252310718
402,72.32530075181664,2.903431771290542,75.22873252310718,0.12672816751271987,75.3554606906199
403,72.49626130095062,2.8591993896692856,75.3554606906199,0.564696976493752,75.92015766711366
404,73.06810853844874,2.852049128664916,75.92015766711366,0.14830129101261771,76.06845895812627
405,73.1202668290087,2.9481921291175723,76.06845895812627,0.11398330133267282,76.18244225945894
406,73.23468472540993,2.9477575340490034,76.18244225945894,0.0669878590530516,76.249430118512
407,73.41982674999686,2.829603368515137,76.249430118512,0.016578975915575576,76.26600909442757
408,73.44443155399499,2.8215775404325854,76.26600909442757,0.5827037604219703,76.84871285484954
409,74.05550562252834,2.793207232321194,76.84871285484954,0.07967301374078037,76.92838586859031
410,74.93312993426103,1.995255934329279,76.92838586859031,0.21111107218278213,77.1394969407731
411,75.44914501285557,1.6903519279175327,77.1394969407731,0.06719574259391228,77.20669268336701
412,75.81894502727904,1.3877476560879671,77.20669268336701,0.15477884872641157,77.36147153209342
413,76.18774174962783,1.1737297824655855,77.36147153209342,0.015322749839353455,77.37679428193277
414,76.27405065590762,1.102743626025159,77.37679428193277,0.0934515590602601,77.47024584099303
415,76.59860421180298,0.8716416291900515,77.47024584099303,0.046193987076187035,77.51643982806922
416,76.59927178014152,0.9171680479277029,77.51643982806922,0.08201600521526789,77.59845583328449
417,77.10844053069746,0.4900153025870253,77.59845583328449,0.027601769425945215,77.62605760271043
418,77.3856949706693,0.2403626320411263,77.62605760271043,0.4911050233314359,78.11716262604187
419,77.4434386967186,0.6737239293232733,78.11716262604187,0.028551587296867843,78.14571421333875
420,77.5274697944945,0.618244418844256,78.14571421333875,0.057627338418830124,78.20334155175757
421,77.59052517462145,0.6128163771361272,78.20334155175757,0.10723025594632304,78.3105718077039
422,77.75408765183415,0.5564841558697395,78.3105718077039,0.0010612844803938547,78.3116330921843
423,78.12497345173239,0.1866596404519072,78.3116330921843,0.0243702965631569,78.33600338874746
424,78.41244217824197,0.0,78.41244217824197,0.01433898878383226,78.42678116702581
425,78.70102456298862,0.0,78.70102456298862,0.0752671787520932,78.77629174174072
426,78.75637189804283,0.019919843697891793,78.77629174174072,0.23690092323889755,79.01319266497961
427,78.7678594085038,0.24533325647581705,79.01319266497961,0.09926828205783944,79.11246094703745
428,79.2300345583099,0.0,79.2300345583099,0.39637125855587546,79.62640581686577
429,79.3565885041895,0.26981731267626685,79.62640581686577,0.29635377806697866,79.92275959493274
430,79.57704717439675,0.34571242053598894,79.92275959493274,0.05057067735452646,79.97333027228727
431,79.66554304842745,0.30778722385981894,79.97333027228727,0.4376352383158804,80.41096551060315
432,80.0931288429421,0.3178366676610551,80.41096551060315,0.5268778902052946,80.93784340080845
433,80.14312783358895,0.7947155672194981,80.93784340080845,0.027254639205118884,80.96509804001357
434,80.1694283940375,0.7956696459760764,80.96509804001357,0.10833771722722492,81.0734357572408
435,80.22895392124613,0.8444818359946709,81.0734357572408,0.48783116132155424,81.56126691856235
436,80.36399276680265,1.1972741517597,81.56126691856235,0.21269227982833697,81.77395919839068
437,81.48024907457608,0.2937101238146056,81.77395919839068,0.09525458960635935,81.86921378799704
438,81.48458868203565,0.38462510596139055,81.86921378799704,0.0025361284382292774,81.87174991643526
439,81.61220550737993,0.25954440905533716,81.87174991643526,0.16937009578594123,82.0411200122212
440,81.63451421310778,0.40660579911342154,82.0411200122212,0.04133707376713343,82.08245708598834
441,81.90007211802296,0.18238496796537618,82.08245708598834,0.20811978103548362,82.29057686702382
442,82.54579393174251,0.0,82.54579393174251,0.2190464722061121,82.76484040394863
443,82.91236825798737,0.0,82.91236825798737,0.15033912709006286,83.06270738507743
444,83.14150423511403,0.0,83.14150423511403,0.20678154773989557,83.34828578285392
445,83.18012622750578,0.1681595553481401,83.34828578285392,0.08018126539350107,83.42846704824743
446,83.28188372723497,0.1465833210124572,83.42846704824743,0.08160374515090361,83.51007079339833
447,83.32336731405461,0.1867034793437199,83.51007079339833,0.09176331610796308,83.60183410950629
448,83.59123298295881,0.010601126547470585,83.60183410950629,0.7695426293428336,84.37137673884912
449,83.60549702214234,0.7658797167067775,84.37137673884912,0.31892667680474396,84.69030341565387
450,83.91268764690406,0.7776157687498113,84.69030341565387,0.10877521316063965,84.79907862881451
451,83.98332096080296,0.8157576680115568,84.79907862881451,0.11004671743797459,84.9091253462525
452,84.0831303655034,0.8259949807491012,84.9091253462525,0.38325575803724476,85.29238110428975
453,84.14883465658788,1.1435464477018655,85.29238110428975,0.016566100075617915,85.30894720436537
454,84.28927610288896,1.0196711014764048,85.30894720436537,0.03262187143860124,85.34156907580397
455,84.3419193122811,0.9996497635228678,85.34156907580397,0.19941705782984,85.54098613363381
456,84.77481601889471,0.7661701147390971,85.54098613363381,0.377897834754756,85.91888396838857
457,85.10364110229756,0.8152428660910118,85.91888396838857,0.25777313987579353,86.17665710826437
458,85.43741197471105,0.739245133553311,86.17665710826437,0.06539899658900582,86.24205610485338
459,85.6313692428173,0.6106868620360757,86.24205610485338,0.033398882467153466,86.27545498732053
460,86.01435280704014,0.261102180280389,86.27545498732053,0.5277029141632267,86.80315790148376
461,86.07258197973482,0.7305759217489367,86.80315790148376,0.01199364989860126,86.81515155138236
462,86.33404317057521,0.481108380807143,86.81515155138236,0.4149299596982572,87.23008151108061
463,86.70492969571985,0.5251518153607577,87.23008151108061,0.002192459843411654,87.23227397092403
464,86.81766287692534,0.4146110939986869,87.23227397092403,0.08386568996785357,87.31613966089188
465,86.92709594904372,0.38904371184816,87.31613966089188,0.02518279333540268,87.34132245422728
466,87.21355396984528,0.1277684843820026,87.34132245422728,0.19652409768813417,87.53784655191542
467,87.40281505508871,0.13503149682671278,87.53784655191542,0.4406350361739648,87.97848158808938
468,87.65416209234581,0.3243194957435662,87.97848158808938,0.06503207600779456,88.04351366409718
469,87.99277461134047,0.05073905275671109,88.04351366409718,0.489672735850483,88.53318639994765
470,88.02796570193593,0.5052206980117262,88.53318639994765,0.1254752643820159,88.65866166432967
471,88.3301926621917,0.3284690021379646,88.65866166432967,0.07381609059471743,88.73247775492439
472,88.42218563107163,0.3102921238527614,88.73247775492439,0.2013150237193702,88.93379277864376
473,88.58326363708247,0.3505291415612959,88.93379277864376,0.1624725837212764,89.09626536236505
474,88.62921590305452,0.4670494593105303,89.09626536236505,0.17175703458268923,89.26802239694773
475,88.7662987112865,0.5017236856612328,89.26802239694773,0.17830727358637777,89.44632967053411
476,88.83564612363323,0.6106835469008871,89.44632967053411,0.025382159834871108,89.47171183036899
477,89.1981359447508,0.273575885618186,89.47171183036899,0.02001662687795372,89.49172845724694
478,89.22188890547382,0.26983955177311714,89.49172845724694,0.10236241187094448,89.59409086911788
479,89.32910542124169,0.2649854478761853,89.59409086911788,0.4847012578315422,90.07879212694942
480,89.43535746300314,0.6434346639462802,90.07879212694942,0.06570704847975506,90.14449917542917
481,89.5129213374377,0.6315778379914718,90.14449917542917,0.04777279401734667,90.19227196944652
482,89.78151152183372,0.4107604476128017,90.19227196944652,0.004912537898185134,90.1971845073447
483,89.99053308372973,0.20665142361497146,90.1971845073447,0.011206663998872964,90.20839117134358
484,90.04547122904654,0.16291994229703732,90.20839117134358,0.015800264901778917,90.22419143624536
485,90.33170018599805,0.0,90.33170018599805,0.04041469608736373,90.37211488208541
486,90.55990599655055,0.0,90.55990599655055,0.10735075544794127,90.6672567519985
487,91.09410290388428,0.0,91.09410290388428,0.028656411797837247,91.12275931568212
488,91.22536326950654,0.0,91.22536326950654,0.01591876931356713,91.24128203882012
489,91.26419133937745,0.0,91.26419133937745,0.012746560246870523,91.27693789962431
490,91.34850819287053,0.0,91.34850819287053,0.18834676978043458,91.53685496265096
491,91.41355422564185,0.12330073700911726,91.53685496265096,0.061956827875538856,91.5988117905265
492,91.42475425449447,0.17405753603202356,91.5988117905265,0.060061868154949474,91.65887365868144
493,91.81129201047813,0.0,91.81129201047813,0.13982905139717244,91.9511210618753
494,92.5131050359866,0.0,92.5131050359866,0.19623829111733976,92.70934332710394
495,92.54157857545795,0.16776475164598992,92.70934332710394,0.029131774618785626,92.73847510172273
496,92.64075138468219,0.0977237170405374,92.73847510172273,0.03162695204990753,92.77010205377263
497,92.64622625720419,0.12387579656844139,92.77010205377263,0.04336422490530367,92.81346627867794
498,92.74904532247854,0.06442095619939892,92.81346627867794,0.12080349945540649,92.93426977813334
499,92.79622859099915,0.138041187134192,92.93426977813334,0.030076397863884496,92.96434617599722
500,93.0304316322102,0.0,93.0304316322102,0.016671584058022604,93.04710321626821
501,93.11607500364329,0.0,93.11607500364329,0.2758812366388345,93.39195624028213
502,93.23917790176989,0.15277833851223477,93.39195624028213,0.1639719837733402,93.55592822405546
503,93.28472040410985,0.2712078199456158,93.55592822405546,0.016392960704782477,93.57232118476024
504,94.02674892649469,0.0,94.02674892649469,0.07630469618920843,94.1030536226839
505,94.19848728326235,0.0,94.19848728326235,0.04704546991360596,94.24553275317597
506,95.17595928349483,0.0,95.17595928349483,0.13922260993886315,95.3151818934337
507,95.32141859975083,0.0,95.32141859975083,0.355380873550637,95.67679947330147
508,95.323815585517,0.3529838877844753,95.67679947330147,0.21837241709985994,95.89517189040133
509,95.4005894865476,0.49458240385372676,95.89517189040133,0.17497158226542608,96.07014347266676
510,95.74955181130505,0.3205916613617035,96.07014347266676,0.094930300870144,96.1650737735369
511,95.78367120844112,0.3814025650957831,96.1650737735369,0.10814370088993078,96.27321747442683
512,95.86376907243549,0.4094484019913409,96.27321747442683,0.04585824632503473,96.31907572075187
513,96.05104598089608,0.26802973985579115,96.31907572075187,0.04012769907732618,96.3592034198292
514,96.18325295107927,0.1759504687499316,96.3592034198292,0.09785472009182146,96.45705813992102
515,96.27401538016532,0.1830427597556934,96.45705813992102,0.07518626677179707,96.53224440669281
516,96.32218767522173,0.2100567314710844,96.53224440669281,0.07650917359103143,96.60875358028385
517,96.35568446234377,0.2530691179400719,96.60875358028385,0.2058456715837308,96.81459925186758
518,96.7037866130053,0.11081263886227077,96.81459925186758,0.05614976849762691,96.87074902036521
519,96.94819241988235,0.0,96.94819241988235,0.4792296609214451,97.4274220808038
520,96.977345792555,0.45007628824879475,97.4274220808038,0.11275441485937306,97.54017649566316
521,97.19167092232712,0.34850557333604115,97.54017649566316,0.12317283314187216,97.66334932880503
522,97.21961635991529,0.44373296888973357,97.66334932880503,0.08601130143624897,97.74936063024127
523,97.32595650295009,0.42340412729117816,97.74936063024127,0.09392603149067037,97.84328666173194
524,97.35131565765792,0.49197100407401706,97.84328666173194,0.04972740055503415,97.89301406228697
525,97.47868013578658,0.41433392650039025,97.89301406228697,0.3517143768632292,98.2447284391502
526,97.78055897209755,0.46416946705264195,98.2447284391502,0.26490936642918167,98.50963780557937
527,97.78144454756357,0.728193258015807,98.50963780557937,0.32217333386567915,98.83181113944505
528,97.82525973130335,1.0065514081417035,98.83181113944505,0.42371032763375555,99.25552146707881
529,97.84986030563611,1.4056611614426942,99.25552146707881,0.01753180132234316,99.27305326840116
530,97.95707298038722,1.3159802880139324,99.27305326840116,0.29545199743663203,99.56850526583779
531,98.17185648616551,1.396648779672276,99.56850526583779,0.3060167359096217,99.87452200174741
532,98.2428287131115,1.6316932886359012,99.87452200174741,0.05739984678020089,99.93192184852761
533,98.29242203984333,1.6394998086842776,99.93192184852761,0.3440735475659309,100.27599539609353
534,99.27184532905507,1.0041500670384664,100.27599539609353,0.022242105498543472,100.29823750159208
535,99.41727802095075,0.8809594806413372,100.29823750159208,0.07335207819084477,100.37158957978293
536,99.7339465086995,0.6376430710834313,100.37158957978293,0.3640325317925895,100.73562211157552
537,100.131376023083,0.6042460884925163,100.73562211157552,0.31659703491778235,101.0522191464933
538,100.24456827001765,0.8076508764756483,101.0522191464933,0.23771933676973803,101.28993848326304
539,100.25698743472739,1.0329510485356508,101.28993848326304,0.047295355238576316,101.33723383850162
540,100.43806724363115,0.899166594870465,101.33723383850162,0.05207236742617006,101.38930620592778
541,100.99992891412043,0.3893772918073495,101.38930620592778,0.15839575626757885,101.54770196219536
542,101.55052333487173,0.0,101.55052333487173,0.48699688095314475,102.03752021582487
543,101.73418518222161,0.3033350336032612,102.03752021582487,0.4588530908653692,102.49637330669024
544,101.8520822912108,0.644291015479439,102.49637330669024,0.006859055010888968,102.50323236170114
545,101.86325190754694,0.6399804541541982,102.50323236170114,0.07066446540936809,102.5738968271105
546,101.90775118186228,0.6661456452482213,102.5738968271105,0.3733159234466961,102.9472127505572
547,101.93540014570243,1.011812604854768,102.9472127505572,0.12114579230041175,103.06835854285761
548,102.80432718960806,0.26403135324954974,103.06835854285761,0.7968441331053968,103.865202675963
549,102.83866872714475,1.0265339488182548,103.865202675963,0.08928356703295177,103.95448624299596
550,103.0706569271792,0.8838293158167545,103.95448624299596,0.07350335348193296,104.0279895964779
551,103.28458127593625,0.7434083205416471,104.0279895964779,0.03136254155030664,104.0593521380282
552,103.41727459993379,0.6420775380944121,104.0593521380282,0.049075431326899746,104.1084275693551
553,103.80701631486035,0.30141125449475226,104.1084275693551,0.009947889805245233,104.11837545916035
554,104.04541426215647,0.07296119700387749,104.11837545916035,0.2385124897169594,104.3568879488773
555,104.07367529056725,0.28321265831004894,104.3568879488773,0.028183582585214473,104.38507153146251
556,104.41400339099823,0.0,104.41400339099823,0.3768190833449564,104.79082247434319
557,105.21695068296886,0.0,105.21695068296886,0.22679597083100206,105.44374665379986
558,105.51267189715205,0.0,105.51267189715205,0.047030412172396625,105.55970230932444
559,105.88196500793019,0.0,105.88196500793019,0.00309959409782592,105.88506460202802
560,105.91289827737,0.0,105.91289827737,0.0750784464883186,105.98797672385832
561,106.01221876423257,0.0,106.01221876423257,0.09506264519464137,106.10728140942722
562,106.38936410961806,0.0,106.38936410961806,0.20677934420835067,106.59614345382641
563,106.50907167812343,0.08707177570298086,106.59614345382641,0.22199786041071734,106.81814131423714
564,106.53274829807023,0.28539301616690693,106.81814131423714,0.05297501896100984,106.87111633319815
565,106.7855851033504,0.08553122984774575,106.87111633319815,0.4516306397259141,107.32274697292407
566,106.95957489568538,0.36317207723868705,107.32274697292407,0.04671205553704068,107.36945902846111
567,107.19020019391473,0.17925883454637415,107.36945902846111,0.40952333961806997,107.77898236807918
568,107.2629358229582,0.5160465451209859,107.77898236807918,0.10753414366372804,107.88651651174291
569,107.29286926312139,0.5936472486215223,107.88651651174291,0.30756939297808494,108.19408590472099
570,107.46077082353644,0.733315081184557,108.19408590472099,0.0054010285602712135,108.19948693328126
571,107.5035245336346,0.6959623996466604,108.19948693328126,0.46836998229486804,108.66785691557614
572,107.71355413146979,0.9543027841063463,108.66785691557614,0.005127777092798899,108.67298469266893
573,108.16072617702223,0.5122585156467068,108.67298469266893,0.0022804124423237864,108.67526510511125
574,108.16318334612993,0.5120817589813242,108.67526510511125,0.0006895004006073686,108.67595460551186
575,108.17184345775183,0.5041111477600282,108.67595460551186,0.08136911768943125,108.7573237232013
576,108.24703785301787,0.5102858701834236,108.7573237232013,0.06745798955634938,108.82478171275764
577,108.36578339045288,0.45899832230476534,108.82478171275764,0.6757377683770376,109.50051948113467
578,108.72562133848344,0.7748981426512387,109.50051948113467,0.2784637531910489,109.77898323432572
579,108.96541507902869,0.813568155297034,109.77898323432572,0.1111307154284873,109.89011394975421
580,109.13080989720378,0.7593040525504335,109.89011394975421,0.00598971786913691,109.89610366762335
581,109.18512756933465,0.7109760982886968,109.89610366762335,0.02309733483440233,109.91920100245775
582,109.41768694065918,0.5015140617985736,109.91920100245775,0.040373513362454455,109.95957451582021
583,109.76689199930696,0.1926825165132442,109.95957451582021,0.04504561642160865,110.00462013224181
584,110.26830974907818,0.0,110.26830974907818,0.6861202705596884,110.95443001963787
585,110.40395125692247,0.5504787627154002,110.95443001963787,0.34873054267733583,111.3031605623152
586,110.44851465734409,0.8546459049711075,111.3031605623152,0.015091898367418923,111.31825246068261
587,110.70969277919238,0.6085596814902345,111.31825246068261,0.018864333808044746,111.33711679449065
588,111.04535337999383,0.2917634144968275,111.33711679449065,0.24695580021754585,111.5840725947082
589,111.05731742395429,0.5267551707539155,111.5840725947082,0.025261005165276407,111.60933359987348
590,111.25998460877562,0.34934899109785533,111.60933359987348,0.07944606209262128,111.6887796619661
591,111.32680941231607,0.3619702496500281,111.6887796619661,0.0750310646819555,111.76381072664805
592,111.39370131619721,0.3701094104508371,111.76381072664805,0.3608432136490776,112.12465394029712
593,111.95395261569162,0.1707013246055027,112.12465394029712,0.21413348007221972,112.33878742036934
594,112.10096672532521,0.23782069504413528,112.33878742036934,0.22219211916695128,112.56097953953629
595,112.50314743791694,0.05783210161935415,112.56097953953629,0.012208528882222397,112.57318806841852
596,112.52963626548464,0.043551802933876615,112.57318806841852,0.019428054698148102,112.59261612311667
597,112.58210979009489,0.010506333021780279,112.59261612311667,0.3434922327813486,112.93610835589801
598,112.88850423985023,0.047604116047779144,112.93610835589801,0.051962030412009225,112.98807038631003
599,113.16994869192675,0.0,113.16994869192675,0.5466806176475818,113.71662930957433
600,113.4325900366764,0.2840392728979282,113.71662930957433,0.14706835791609757,113.86369766749043
601,113.66089815443225,0.20279951305818145,113.86369766749043,0.02223040563763997,113.88592807312807
602,114.34850840296814,0.0,114.34850840296814,0.014736264734554716,114.36324466770269
603,114.42128416180879,0.0,114.42128416180879,0.14865833554525446,114.56994249735403
604,114.61115166461082,0.0,114.61115166461082,0.03874961776221294,114.64990128237302
605,114.62809651211178,0.021804770261240947,114.64990128237302,0.17592390793253154,114.82582519030555
606,114.69018998313226,0.13563520717329425,114.82582519030555,0.22268131813639602,115.04850650844195
607,114.83594272612913,0.21256378231281303,115.04850650844195,0.037908565207138034,115.08641507364908
608,115.28507385637718,0.0,115.28507385637718,0.13496526854043736,115.42003912491762
609,115.74716045834838,0.0,115.74716045834838,0.15600404697547354,115.90316450532384
610,116.00057713773047,0.0,116.00057713773047,0.049099336764945836,116.04967647449541
611,116.24475808153161,0.0,116.24475808153161,0.057472525855275,116.30223060738689
612,116.37533941251884,0.0,116.37533941251884,0.0008778617797681669,116.37621727429861
613,116.46407030508445,0.0,116.46407030508445,0.007585757345608936,116.47165606243006
614,116.51396712060792,0.0,116.51396712060792,0.0963509201333744,116.61031804074129
615,116.54425635663195,0.06606168410934288,116.61031804074129,0.5234327328811778,117.13375077362247
616,116.607168403912,0.5265823697104679,117.13375077362247,0.03618246103010121,117.16993323465256
617,117.08607082766748,0.08386240698507663,117.16993323465256,0.2047837567775992,117.37471699143016
618,117.48966313141679,0.0,117.48966313141679,0.0383439160568433,117.52800704747364
619,117.54385918008515,0.0,117.54385918008515,0.35691703063613045,117.90077621072128
620,118.69149329775875,0.0,118.69149329775875,0.539594890989809,119.23108818874856
621,118.83077503276682,0.4003131559817348,119.23108818874856,0.08139661051305216,119.31248479926161
622,118.93446933203168,0.37801546722992896,119.31248479926161,0.23566938915290198,119.54815418841451
623,118.98780629120898,0.5603478972055314,119.54815418841451,0.25075361925017103,119.79890780766469
624,119.19247271527377,0.6064350923909245,119.79890780766469,0.10152700077996103,119.90043480844466
625,119.21382920847053,0.6866055999741292,119.90043480844466,0.10553908999837965,120.00597389844303
626,119.75126175822307,0.254712140219965,120.00597389844303,0.44604160045055974,120.45201549889359
627,119.93062992022826,0.5213855786653312,120.45201549889359,0.3047867077387543,120.75680220663234
628,120.00424570705619,0.7525564995761584,120.75680220663234,0.1293316956905886,120.88613390232294
